serial,name,location,state,courses,source_page
1,Indian Institute of Technology Delhi,"Hauz Khas, New Delhi 110016",Delhi,All Engineering Courses,1
2,Indian Institute of Technology Kharagpur,Kharagpur-721302,West Bengal,All Engineering Courses,1
3,Indian Institute of Technology Kanpur,"Kalyanpur, Kanpur, Uttar Pradesh 208016",Uttar Pradesh,All Engineering Courses,1
4,Indian Institute of Technology Bombay,"Powai, Mumbai-400076",Maharashtra,All Engineering Courses,1
5,Indian Institute of Technology Guwahati,Guwahati-781039,Assam,All Engineering Courses,1
6,Indian Institute of Technology Roorkee,"Roorkee - Haridwar Highway, Roorkee, Uttarakhand 247667",Utarakhand,All Engineering Courses including Architecture,1
7,Indian Institute of Technology Madras,Chennai-600036,Tamil Nadu,All Engineering Courses,1
8,Indian Institute of Technology Ropar,Rupnagar-140001,Punjab,All Engineering Courses,1
9,Indian Institute of Technology Bhubaneswar,Bhubaneswar-751013,Odisha,All Engineering Courses,1
10,Indian Institute of Technology Jodhpur,"Old Residency Road, Ratanada, Jodhpur 342011",Rajasthan,All Engineering Courses,1
11,Indian Institute of Technology Gandhinagar,"VGEC Complex, Chandkheda, Ahmedabad- 382424",Gujarat,All Engineering Courses,1
12,Indian Institute of Technology Patna,"Bihta, Patna, Bihar 801103",Bihar,All Engineering Courses,1
13,Indian Institute of Technology Hyderabad,"Ordnance Factory Estate, Yeddumailaram-502205",Telangana,All Engineering Courses,1
14,Indian Institute of Technology Mandi,"Kamand Campus, VPO Kamand, Distt. Mandi- 175005",Himachal Pradesh,All Engineering Courses,1
15,"Indian Institute of Technology, Indore","IET DAVV Campus, M Block, Khandwa Road, Indore- 452017",Madhya Pradesh,All Engineering Courses,1
16,Indian Institute of Technology (Banaras Hindu University) Varanasi,Varanasi-221005,Uttar Pradesh,All Engineering Courses including dual degree and integrated courses,1
17,"Indian Institute of Technology, Jammu","Paloura campus, Jammu Akhnoor Highway, Jammu, Jammu & Kashmir",Jammu,All Engineering Courses,1
18,"Indian Institute of Technology, Palakkad","Ahalia Integrated Campus, Palakkad Dist., Kozhippara, Kerala 678557",Kerala,All Engineering Courses,2
19,"Indian Institute of Technology, Tirupati","Tirupati – Renigunta Road, Settipalli Post, Tirupati, Andhra Pradesh 517506",Andhra Pradesh,All Engineering Courses,2
20,"Indian Institute of Technology, Goa","Near ITI College, Farmagudi, Ponda, Goa 403401",Goa,All Engineering Courses,2
21,"Indian Institute of Technology, Bhilai","Old Dhamtari Rd, Datrenga, Chhattisgarh 492015",Chhattisgarh,All Engineering Courses,2
22,"Indian Institute of Technology, Dharwad","WALMI Campus, Belur Industrial Area, Near High Court, PB Road, Karnataka 580011",Karnataka,All Engineering Courses,2
23,National Institute of Technology Warangal,Warangal-506004,Telangana,All Engineering Courses,2
24,National Institute of Technology Silchar,Silchar- 788010,Assam,All Engineering Courses,2
25,National Institute of Technology Patna,Patna-800005,Bihar,All Engineering Courses,2
26,Sardar Vallabhbhai National Institute of Technology Surat,Surat-395607,Gujarat,All Engineering Courses,2
27,National Institute of Technology Jamshedpur,"Adityapur, Jamshedpur-831014",Jharkhand,All Engineering Courses,2
28,National Institute of Technology Surathkal,Surathkal- 574157,Karnataka,All Engineering Courses,2
29,National Institute of Technology Calicut,NIT Campus P.O. Calicut- 673601,Kerala,All Engineering Courses,2
30,Visvesvaraya National Institute of Technology Nagpur,"South Ambazari Road, Nagpur-440010",Maharashtra,All Engineering Courses,2
31,National Institute of Technology Rourkela,Rourkela-769008,Odisha,All Engineering Courses including dual degree and integrated courses,2
32,Dr. B. R. Ambedkar National Institute of Technology Jalandhar,"G.T. Road Bye Pass, Jalandhar, Punjab, 144011",Punjab,All Engineering Courses,2
33,National Institute of Technology Kurukshetra,Kurukshetra-132119,Haryana,All Engineering Courses,2
34,National Institute of Technology Hamirpur,Hamirpur-177001,Himachal Pradesh,All Engineering Courses,3
35,National Institute of Technology Hazratbal,"Hazratbal, Srinagar-190006",Jammu and Kashmir,All Engineering Courses,3
36,Maulana Azad National Institute of Technology Bhopal,Bhopal-462007,Madhya Pradesh,All Engineering Courses,3
37,Malaviya National Institute of Technology Jaipur,Jaipur- 302017,Rajasthan,All Engineering Courses,3
38,National Institute of Technology Durgapur,Durgapur-713209,West Bengal,All Engineering Courses,3
39,National Institute of Technology Tiruchirappalli,Tiruchirappalli-620015,Tamil Nadu,All Engineering Courses,3
40,Motilal Nehru National Institute of Technology Allahabad,Allahabad- 211004,Uttar Pradesh,All Engineering Courses,3
41,National Institute of Technology Agartala,"Barjala, Jirania, Agartala- 799055",Tripura,All Engineering Courses,3
42,National Institute of Technology Raipur,"G.E. Road, Raipur-492010",Chhattisgarh,All Engineering Courses,3
43,National Institute of Technology Manipur,"Takyelpat, Imphal-795001",Manipur,All Engineering Courses,3
44,National Institute of Technology Sikkim,Barfung Block Ravangla Sub- Division South Sikkim- 737,Sikkim,All Engineering Courses,3
45,National Institute of Technology Arunachal Pradesh,"Yupia, District Papum Pare- 791112",Arunachal Pradesh,All Engineering Courses,3
46,National Institute of Technology Uttarakhand,"Temporary Campus, Government Polytechnic, Srinagar (Garhwal)-246174 Aizawl",Uttarakhand,All Engineering Courses,3
47,National Institute of Technology Mizoram,"Aizawl, Mizoram, 796012,",Mizoram,All Engineering Courses,3
48,National Institute of Technology Nagaland,"Chumukedima, Dimapur-797103",Nagaland,All Engineering Courses including material sciences,3
49,National Institute of Technology Meghalaya,"Bijni Complex, Laitumkhrah, Shillong-793003",Meghalaya,All Engineering Courses,3
50,National Institute of Technology Goa,"Farmagudi, Ponda, Goa-403401",Goa,All Engineering Courses,3
51,National Institute of Technology Puducherry,Karaikal-609605,Puducherry,All Engineering Courses,4
52,National Institute of Technology Delhi,Institute of Applied Manpower,Delhi,All Engineering Courses,4
53,"Indian Institute of Information Technology, Allahabad","Devghat, Jhalwa, Allahabad- 211012",Uttar Pradesh,Information Technology,4
54,"Indian Institute of Information Technology, Sri City, Chittoor, Andhra Pradesh","630 Gnan Marg, Sri City, Andhra Pradesh 517646",Andhra Pradesh,Information Technology,4
55,"Indian Institute of Information Technology, Vadodara, Gujarat","C/o Block No.9 (IC Department), Government Engineering College, Sector 28, Gandhinagar, Gujarat 382028",Gujarat,All full time courses,4
56,"Indian Institute of Information Technology, Sonepat, Haryana","Village- Kilrod, Haryana(India) C/O Director, NIT Kurukshetra-136119",Haryana,Information Technology,4
57,"Indian institute of Information Technology, Una, Himachal Pradesh",Himachal Pradesh Pin No. 177 005,Himachal Pradesh,Information Technology,4
58,"Indian Institute of Information Technology, Ranchi, Jharkhand","Ranchi, Jharkhand,",Bihar,Information Technology,4
59,"Indian Institute of Information Technology, Dharwad, karnataka","3rd floor, IT park,, Hubli - Dharwad Hwy, Deshpande Nagar, Hubali-Dharwad, Karnataka 580029",Karnataka,Information Technology,4
60,"Indian Institute of Information Technology, Kottayam, Kerala","Valavoor - Chakkampuzha Rd, Valavoor, Kerala 686635",Kerala,Information Technology,4
61,"Indian Institute of Information Technology, Nagpur, Maharashtra","8/C/180/C, CPWD Colony, Seminary Hills, Nagpur, Maharashtra 440006",Maharastra,Information Technology,4
62,"Indian Institute of Information Technology, Pune, Maharashtra","Talegaon-Chakan Road, Sudumbre, Maharashtra 412109",Maharastra,Information Technology,4
63,"Indian Institute of Information Technology, Senapati, Manipur","National Highway 39, Mantripukhri, Heingang, Manipur 795002",Manipur,Information Technology,4
64,"Indian Institute of Information Technology, Kota, Rajasthan","2nd Floor, Prabha Bhawan, MNIT Campus,, JLN Marg, Jaipur, Rajasthan 302017",Rajasthan,Information Technology,5
65,"Indian Institute of Information Technology, Tiruchirapalli, Tamil Nadu","NIT Campus, Tanjore Main Road, Near BHEL, Tiruchirappali, Tamil Nadu 620015",Tamil Nadu,Information Technology,5
66,"Indian Institute of Information Technology, Lucknow, Uttar Pradesh","Lucknow, Uttar Pradesh, India",Uttar Pradesh,Information Technology,5
67,"Indian Institute of Information Technology, Kalyani, West Bengal","Near Webel,IT-Park, Kalyani, West Bengal 741235",West Bengal,Information Technology,5
68,"Indian Institute of Information Tehnology, Guwahati","GNB Road, Assam Textile Institute Campus, Ambari, Guwahati, Assam 781001",Assam,Information Technology,5
69,"Indian Institute of Information Technology,Bhopal, Madhya Pradesh","RGPV Campus, Airport Road, Bhopal, Madhya Pradesh 462033",Madhya Pradesh,Information Technology,5
70,"Indian Institute of Information Technology,Agartala, Tripura","R. K. Nagar (opposite to NEEPCO), P.S. Bodjhung Nagar, pin, Khayerpur, Agartala, Tripura 799008",Tripura,Information Technology,5
71,"Indian Institute of Information Technology,Kakinada, Andhra Pradesh","630 Gnan Marg, Sri City, Andhra Pradesh 517646",Andhra Pradesh,Information Technology,5
72,Indian Institute of Information Surat Gujarat,"Gandhinagar, Gujarat, India",Gujarat,Information Technology,5
73,Atal Bihari Vajpayee Indian Institute of Information Technology & Management Gwalior,Morena Link Road Gwalior 474015,Madhya Pradesh,Information Technology including integrated courses,5
74,"Pandit Dwarka Prasad Mishra Indian Institute of Information Technology, Design & Manufacturing Jabalpur","Dumna Airport Road, P.O.: Khamaria, Jabalpur- 482005",Madhya Pradesh,All full time courses,5
75,"Indian Institute of Information Technology, Design & Manufacturing Kanchipuram","Melakottaiyur Village, Off Vandalur-Kelambakkam Road, Nellikuppam Road, Chennai-600127",Tamil Nadu,All full time courses including dual degree and integrated courses,6
76,"Indian Institute of Information Technology, Design & Manufacturing, Kurnool, Andhra Pradesh","Kurnool, Andhra Pradesh, India",Andhra Pradesh,Information Technology,6
77,"School of Planning & Architecture, Delhi","4-Block-B, IndraprasthaEstate, New Delhi-110002",Delhi,All full time courses,6
78,"School of Planning & Architecture, Bhopal","Neelbad Road, Bhauri, Bhopal -462030",Madhya Pradesh,All full time courses,6
79,"School of Planning & Architecture, Vijaywada","Sy. No. 71/1, NH-5, Nidamanuru, Vijaywada- 521104",Andhra Pradesh,All full time courses,6
80,National Institute of Foundry & Forge Technology Ranchi,"Hatia, Ranchi-834003",Jharkhand,All full time courses,6
81,"National Institute of Industrial Engineering, Mumbai","Vihar Lake, Mumbai-400087",Maharashtra,All full time courses,6
82,"Indian School of Mines, Dhanbad",Dhanbad- 826004,Jharkhand,All full time courses in Engineering and Sciences including dual degree and integrated courses,6
83,North Eastern Regional Institute of Science and Technology (NERIST),"Nirjuli, Itanagar-791109",Arunachal Pradesh,All Engineering and Science courses including Forestry.,6
84,Delhi Technological University,"Shahbad Daulatpur, Main Bawana Road, New Delhi, Delhi 110042",Delhi,All full time Engineering Courses including dual degree courses,6
85,Rajiv Gandhi Institute of Petroleum Technology,"Ratapur Chowk, Rae Bareli- 229316",Uttar Pradesh,All Engineering Courses,6
86,"International Maritime Academy (IMA), Chennai","Administrative Office: 41, Giri Road, T. Nagar, Chennai - 600017; Academy Campus :No. 41, Jamin Korattur, Pudhuchatram, (From Poonamallee to Tirupathi Highway Road)",Tamil Nadu,"All full time Naval Architecture, Ship Building Courses including dual degree and integrated courses",7
87,Indian Institute of Space Science and Technology (IIST),"Valiamala, P.O.,Thiruvananthapuram-695547",Kerala,All Engineering Courses including dual degree and integrated courses,7
88,BITS Pilani,"Pilani Campus, Vidya Vihar, Pilani, Rajasthan 333031",Rajasthan,All Science and Engineering Courses,7
89,BITS Pilani KK Birla Goa Campus,"NH 17B Bypass Road, Zuarinagar, Sancoale, Goa 403726",Goa,All Science and Engineering Courses,7
90,"Birla Institute of Technology, Mesra","Mesra, Ranchi, Jharkhand 835215",Jharkhand,All Science and Engineering Courses including integrated courses,7
91,"BITS Pilani, Hyderabad Campus","Jawahar Nagar, Shameerpet Mandal, Hyderabad, Telangana 500078",Telangana,All Science and Engineering Courses,7
92,Netaji Subhas Institute of Technology (NSIT),"Azad Hind Fauz Marg, Sector 3,Dwarka, New Delhi, Delhi 110078",Delhi,All Engineering Courses,7
93,Indian Institute of Management Ahmedabad,"Vastrapur, Ahmedabad- 380015",Gujarat,All full time Management Courses,7
94,Indian Institute of Management Bangalore,"Bennerghat Road, Bangalore- 560076 Joka, Post Box No. 16757,",Karnataka,All full time Management Courses,7
95,Indian Institute of Management Kolkata,"Alipara PO, Kolkata-700027",West Bengal,All full time Management Courses,7
96,Indian Institute of Management Lucknow,"Post Box No. 2, Aliganj Extension, Part-II, Lucknow- 226020",Uttar Pradesh,All full time Management Courses,7
97,Indian Institute of Management Kozhikode,"IIMK Campus, PO, Kozhikode-673570",Kerala,All full time Management Courses,7
98,Indian Institute of Management Indore,"Prabandh Shikhar, Rau- Pithampur Road Indore- 453556",Madhya Pradesh,All full time Management Courses,8
99,Rajiv Gandhi Indian Institute of Management Shillong,"Mayurbhanj Complex, Nongthaymai, Shillong- 793014",Meghalaya,All full time Management Courses,8
100,Indian Institute of Management Raipur,"GEC Campus, Sejbahar, Raipur-492 015",Chhattisgarh,All full time Management Courses,8
101,Indian Institute of Management Rohtak,"Humanities Block, MDU Campus, Rohtak-124001",Haryana,All full time Management Courses,8
102,Indian Institute of Management Ranchi,"Suchna Bhavan 5th Floor, Audrey House Campus, Meur’s Road, Ranchi-834008",Jharkhand,All full time Management Courses,8
103,Indian Institute of Management Udaipur,"Mohanlal Sukhadia University Campus, Udaipur- 313001",Rajasthan,All full time Management Courses,8
104,Indian Institute of Management Tiruchirappalli,"NIT Campus (Post), Thanjavore Main Road, Thuvakudi, Tiruchirappalli- 620015",Tamil Nadu,All full time Management Courses,8
105,Indian Institute of Management Kashipur,"Bazpur Road, Kashipur, Udham Singh Nagar- 244713",Uttarakhand,All full time Management Courses,8
106,"Indian Institute of Management, Visakhapatnam","Andhra Bank School of Business Building, Andhra University Campus, Visakhapatnam – 530 003",Andhra Pradesh,All full time Management Courses,8
107,"Indian Institute of Management, Bodh Gaya","Directorate of Distance Education Building, Magadh University Campus, Bodh Gaya - 824234",Bihar,All full time Management Courses,8
108,"Indian Institute of Management, Sirmaur, Himachal Pradesh","IIM Sirmaur, Rampur Ghat Road, District Sirmaur, Paonta Sahib, Himachal Pradesh 173025",Himachal Pradesh,All full time Management Courses,8
109,"Indian Institute of Management, Maharashtra","VNIT Campus, South Ambazari Road, Nagpur, Maharashtra - 440010",Maharastra,All full time Management Courses,8
110,"Indian Institute of Management, Odisha","C/o Silicon Institute of Technology, Silicon West, P.O. Sason, Sambalpur, Odisha - 768200",Odisha,All full time Management Courses,9
111,"Indian Institute of Management, Punjab, Amritsar","Punjab Institute of Technology Building, Inside Government Polytechnic Campus, Polytechnic Road PO: Chheharta, G.T. Road, Amritsar, Punjab - 143105",Punjab,All full time Management Courses,9
112,Institute of Rural Management (IRMA),"60, Anand, Gujarat 388001",Gujarat,All full time Courses,9
113,Indian Institute of Forest Management Bhopal,"PO Box.-357, Nehru Nagar, Bhopal-462003",Madhya Pradesh,All full time Courses,9
114,Management Development Institute (MDI) Gurgaon,"Management Development Institute Mehrauli Road Sukhrali, Gurgaon - 122 007.",Haryana,All full time Management Courses,9
115,Xavier Institute of Management,"Xavier Square, Jayadev Vihar, Jayadev Vihar, Bhubaneshwar, Odisha 751013",Odisha,All full time Management Courses,9
116,Symbiosis Institute of BusinessManagement Pune,"Khadki, Range Hill Road, Pune, Maharashtra 411020",Maharashtra,All full time Management Courses,9
117,Jamnalal Bajaj Institute of Management Studies (JBIMS),"Churchgate, Mumbai",Maharashtra,All full time Management Courses including MSC (Finance),9
118,XLRI - Xavier School of Management,"Circuit House Area, Sonari, Jamshedpur, Jharkhand - 831001",Jharkhand,All full time Management Courses,9
119,"National Law School of India University, Bangalore","PO Bag-7201, Nagarbhavi,Banglore-560072",Karnataka,All Law Courses including integrated courses,9
120,National Law Institute University Bhopal,"Kerwa Dam Road, Bhopal- 462044",Madhya Pradesh,All Law Courses including integrated courses,9
121,NALSAR University of Law Hyderabad,"Post Box No.1, Justice City,Shameerpet, R.R. District, Hyderabad-500101",Telangana,All Law Courses including integrated courses,9
122,"National Law University, Jodhpur","NH-65, Nagour Road, Mandore, Jodhpur-342304",Rajasthan,All Law Courses including integrated courses,10
123,The WB National University of Juridical Sciences Kolkata,"Dr. Ambedkar Bhavan, 12, LB Block, Sector III, Salt Lake City, Kolkata",West Bengal,All Law Courses including integrated courses,10
124,Hidayatullah National Law University Raipur,"Uparwara Post, Abhanpur, New Raipur-493661",Chhattisgarh,All Law Courses including integrated courses,10
125,Gujarat National Law University Gandhinagar,"Attalika Avenue, Knowledge Corridor, Koba, Gandhinagar- 382007",Gujarat,All Law Courses including integrated courses,10
126,"Ram Manohar Lohia National Law University, Lucknow","Sector-D1,LDA Colony, Kanpur Road Scheme, Lucknow-226012",Uttar Pradesh,All Law Courses including integrated courses,10
127,"Rajiv Gandhi National University of Law, Punjab","Sidhuwal - Bhadson Road, Patiala",Punjab,All Law Courses including integrated courses,10
128,"Chanakya National Law University, Patna","Nyaya Nagar, Mithapur, Patna-800001",Bihar,All Law Courses including integrated courses,10
129,The National University of Advanced Legal Studies (NUALS),"NUALS Campus, H.M.T. Colony P.O., Kalamassery, Ernakulam-683503",Kerala,All Law Courses including integrated courses,10
130,"National Law University, Delhi","Sector 14, Dwarka, New Delhi-110078",Delhi,All Law Courses including integrated courses,10
131,National Law University Odisha,"Kathajodi, Campus, SEC-13, CDA, Cuttack-753015, Odisha",Odisha,All Law Courses including integrated courses,10
132,All India Institute of Medical Sciences Delhi,"Ansari Nagar, New Delhi 11029",Delhi,All Courses,10
133,Jawaharlal Institute of Postgraduate Medical Education & Research (JIPMER),"Dhanvantri Nagar, Gorimedu, Puducherry, 605006",Puducherry,All courses,10
134,Government Vellore Medical College,"Arni Road, Arani Road,Opposite Staff Quarters, Adukkamparai, Vellore, Tamil Nadu 632011",Tamil Nadu,All courses,10
135,"Institute of Medical Sciences, Banaras Hindu University Varanasi",Banaras Hindu University Varansai-221005,Uttar Pradesh,All Courses,10
136,"Christian Medical College, Vellore","NH234, Thottapalayam, Vellore, Tamil Nadu 632004, India",Tamil Nadu,All full time courses,11
137,"Indian Agriculture Research Institute, Delhi","Pusa, New Delhi-110012",Delhi,All courses,11
138,Central Institute for Research on Cotton Technology (CIRCOT) ICAR Mumbai,"Adenwala Road, Matunga, Mumbai-400019",Maharashtra,All courses,11
139,Indian Veterinary Research Institute Izatnagar,"Izatnagar, Bareilly-243122 Jnana Bharti Campus, P.O. Malathalli, Bengaluru-560056",Uttar Pradesh,All courses,11
140,"Indian Institute of Plantation Management, Banglore","Jnana Bharti Campus,P.O. Malathalli, Bengaluru- 560056",Karnataka,All courses,11
141,Indian Statistical Institute Delhi,"7, SJS Sansanwal Marg, New Delhi-110016",Delhi,All courses,11
142,Indian Statistical Institute Bangalore,"8th Mile, Rvce Post, Mysore Road, RV Road, Bengaluru- 560059",Karnataka,All courses,11
143,Indian Statistical Institute Kolkata,"203, Barrackpore Trunk Road, Kolkata-700108",West Bengal,All courses,11
144,Indian Institute of Science Bangalore,"CV Raman Avenue, Yeshwantpura, Bengaluru- 560012",Karnataka,All Courses,11
145,National Institute of Fashion Technology Delhi,"Hauz Khas, Near GulmoharPark, New Delhi-110016",Delhi,All courses,11
146,"National Institute of Fashion Technology, Bangalore","C.A. Site, #21, 27th Main Road, Sector 1, HSR Layout, Bengaluru, Karnataka 560102",Karnataka,All Courses,11
147,"National Institute of Fashion Technology, Bhopal","Bhopal, Madhya Pradesh 462001",Madhya Pradesh,All Courses,11
148,"National Institute of Fashion Technology, Bhubansewar","Plot - 3B, Block-LA, Sector III, Salt Lake City, Kolkata, West Bengal 700098",Odisha,All Courses,11
149,"National Institute of Fashion Technology, Chennai","Dr Vikram Sarabai Instronic Estate 7th St, Phase II, Taramani, Chennai, Tamil Nadu 600096",Tamil Nadu,All Courses,12
150,"National Institute of Fashion Technology, Hyderabad","Opposite Hi-tech City, Cyberabad Post, Madhapur, Hyderabad, Telangana 500081",Telangana,All Courses,12
151,"National Institute of Fashion Technology, Jodhpur","Karwar,Jodhpur, Rajasthan,INDIA 342037",Rajasthan,All Courses,12
152,"National Institute of Fashion Technology, Kangra","NIFT Campus, Talpura, Kangra, Himachal Pradesh 176001",Himachal Pradesh,All Courses,12
153,"National Institute of Fashion Technology, Kannur","Dharmasala, Parassinikadavu, Kerala 670563",Kerala,All Courses,12
154,"National Institute of Fashion Technology, Kolkata","Plot - 3B, Block-LA, Sector III, Salt Lake City, Kolkata, West Bengal 700098",West Bengal,All Courses,12
155,"National Institute of Fashion Technology, Mumbai","Plot no. 15, Sector 4, Kharghar, Navi Mumbai, Maharashtra 410210",Maharastra,All Courses,12
156,"National Institute of Fashion Technology, Patna","Near Jakkanpur Police Station, Mithapur Farm Area, Mithapur, Patna, Bihar 800001",Bihar,All Courses,12
157,"National Institute of Fashion Technology, Rae Brali","ITI Colony Area, Doorbhash Nagar, Raebareli, Uttar Pradesh 229010",Uttar Pradesh,All Courses,12
158,"National Institute of Fashion Technology, Shillong","'C' Block, Pasteur Hills, Lawmali, Shillong, Meghalaya 793001",Meghalaya,All Courses,12
159,"National Institute of Fashion Technology, Srinagar","Badgam, Jammu and Kashmir 190007",Jammu and Kashmir,All Courses,12
160,"National Institute of Fashion Technology, Gandhinagar","GH-O Road, Behind Info City, Near DAIICT, Gandhinagar - 382 007",Gujarat,All Courses,12
161,National Institute of Design Ahmedabad,"Opp Tagore Hall, Paldi, Ahmedabad, Gujarat 380007",Gujarat,All courses,12
162,National Institute of Design Gandhinagar,"GH-0, Extension Road Near Infocity, Gandhinagar, Gujarat 382007",Gujarat,All courses,13
163,National Institute of Design Bangalore,"12, HMT Link Road, Off Tumkur Road, Yeshwanthpur Industrial Area, Phase 1, Yeshwanthpur, Bengaluru, Karnataka 560022",Karnataka,All courses,13
164,"Tata Institute of Social Sciences (TISS), Mumbai","V. N. Purav Marg, Deonar, Mumbai-400088",Maharashtra,All courses,13
165,"National Institute of Homeopathy, Kolkata","Block - GE, Sector-III, Salt Lake, Kolkata-700106",West Bengal,All courses,13
166,"Film and Television Institute of India, Pune","Law College Road, Pune- 411004",Maharashtra,All courses,13
167,"Indian Institute of Mass Communication, New Delhi","JNU New Campus, Aruna Asif Ali Road, New Delhi- 110067",Delhi,All courses,13
168,"National Dairy Research Institute, Karnal",Karnal -132001,Haryana,All courses,13
169,"Central Institute of Agricultural Engineering, Bhopal","Nabi Bagh, Berasia Road, Bhopal-462038",Madhya Pradesh,All courses,13
170,"National Museum Institute of History of Art, Conservation and Museology (NMIHACM)","Janpath, New Delhi -110001",Delhi,All Courses,13
171,All India Institute of Medical Sciences Bhopal,"Saket Nagar, Bhopal",Madhya Pradesh,All Courses,13
172,All India Institute of Medical Sciences Bhubaneswar,"Sijua, Patrapada, Bhubaneswar-751019",Odisha,All Courses,13
173,All India Institute of Medical Sciences Jodhpur,Jodhpur,Rajasthan,All Courses,13
174,All India Institute of Medical Sciences Patna,"Phulwari Sharif, Patna-801505",Bihar,All Courses,13
175,All India Institute of Medical Sciences Raipur,"Tatibandh, G E Road, Raipur- 492099",Chhattisgarh,All Courses,14
176,All India Institute of Medical Sciences Rishikesh,"Virbhadra Road, Rishikesh- 249201",Uttarakhand,All Courses,14
177,Kasturba Medical College (KMC) Mangalore & Manipal,Mangalore- 575001 & Manipal-576104,Karnataka,MBBS/MS/MD/MSc/PG Medical Diploma and all other full time courses,14
178,Sir JJ School of Art,"78, Dr. D. N. Road, Fort, Mumbai-400001",Maharashtra,"All undergraduate, Post Graduate and Diploma Courses.",14
179,"National Institute of Ayurveda, Jaipur","Madhav Vilas, Palace, Jorawar Singh Gate, Amer",Rajasthan,All courses,14
180,Viswa-Bharati,PO: Santiniketan-731235,West Bengal,"B. Music,M. Music, B.F.A. in Painting/Glass/Textile/History of Art/Sculpture], M.F.A. in Painting/Graphic Art (Print Making)/Design[Ceramic & Glass/Textile/History of Art/Sculpture]",14
181,National School of Drama Delhi,"Bahawalpur House, 1, Bhagwandas Road, New Delhi-110001",Delhi,All full time courses,14
182,"Tata Institute of Social Sciences (TISS), Guwahati Campus","14-A, Bhuban Road, Uzanbazar, Guwahati 781 001",Assam,All full time courses,14
183,"Tata Institute of Social Sciences (TISS), Hyderabad Campus","SR Sankaran Block, AMR-AP Academy of Rural Development, Rajendranagar, Hyderabad 500 030.",Telangana,All full time courses,14
184,"Tata Institute of Social Sciences (TISS), Tuljapur Campus","Tata Institute of Social Sciences, School of Rural Development Tuljapur-413 601, District- Osmanabad,",Maharashtra,All full time courses,14
185,Indian School of Business (ISB),"Knowledge City, Sector 81, SAS Nagar, Mohali, Punjab 140306-",Punjab,Post Graduate Programme in Management.,14
186,Indian School of Business (ISB),"Gachibowli, Hyderabad, Telangana - 500 032",Telangana,Post Graduate Programme in Management.,15
187,"National Institute of Siddha, Chennai","Tambaram, Chennai-600047",Tamil Nadu,All full time courses,15
188,Netaji Subhas National Institute of Sports (NSNIS),"Old Moti Bagh, Patiala - 147001",Punjab,All full time courses,15
189,"National Institute of Unani Medicine, Bangalore","Kottigepalya, Magadi Main Road, Bengaluru- 560091",Karnataka,All full time courses,15
190,"Moraji Desai National Institute of Yoga, New Delhi","68, Ashoka Road, Near Gole Dak Khana, New Delhi- 110001",Delhi,All full time courses,15
191,National Institute of Mental Health and Neurosciences,"Hosur Road, Lakkasandra,Bengaluru, Karnataka 560029",Karnataka,All full time courses,15
192,"Central Food Technological Research Institute, Mysuru, Karnataka","Mysuru, Karnataka",Karnataka,All full time courses,15
193,National Institute of Food Technology Entrepreneurship and Management,"Sonepat, Hrayana",Haryana,All full time undergraduate and Post Graduate degree courses,15
194,Sri Venketeswara Institute of Medical Sciences Tirupati,"Town Club, Alipiri Road, Chittoor Distt., Tirupati- 517507",Andhra Pradesh,MBBS/MDS/ MCH and all other full time courses,15
195,Vardhman Mahavir Medical College & Safdarjung Hospital Delhi,New Delhi-110029,Delhi,MBBS/BDS/MDS/MD/MS/DM/ MCH and all other full time courses,15
196,King George Medical College Lucknow,"(Erstwhile Chhatrapati Shahuji Maharaj Medical University), Chowk, Lucknow-226003",Uttar Pradesh,MBBS/BDS/MDS/MD/MS/DM/ MCH and all other full time courses,15
197,Maulana Azad Medical College New Delhi,"Bahadur Shah Zafar Rd, New Delhi-110002",Delhi,MBBS/BDS/MDS/MD/MS/DM/ MCH and all other full time courses,15
198,"Lady Hardinge Medical College, New Delhi","Shaheed Bhagat Singh Marg, Connaught Place, New Delhi- 110001",Delhi,MBBS/BDS/MDS/MD/MS/DM/ MCH and all other full time courses,15
199,"Madras Medical College and Government General Hospital, Chennai","E.V.R Periyar Salai, Park Town, Chennai-600003",Tamil Nadu,MBBS/BDS/MDS/MD/MS/DM/ MCH and all other full time courses,16
200,The English and Foreign Languages University (Formerly known as CIEFL),Hyderabad 500007,Telangana,All full time courses,16
201,"Faculty of Management Studies, University of Delhi","University of Delhi, Delhi-110007",Delhi,MBA,16
202,National Institute of Mentally Handicapped Secundrabad,"Manovikas Nagar, Secundrabad- 500009",Andhra Pradesh,"BRT/DSE/Bed(Spl. Ed.), PGD in early Intervention, Diploma in early childhood spl. Education, Diploma in VT & Emp., Med(Spl edu), M.Phil (Rehab psy), and all other full time courses",16
203,"Pt. Deendayal Upadhyaya Institute for the Physically Handicapped, New Delhi","4, Vishnu Digamber Marg, New Delhi-110002",Delhi,BOT/BPT and all other full time courses,16
204,"Ali Yavar Jung National Institute for the Hearing Handicapped, Mumbai","K. C. Marg, Bandra (W) Reclamation, Mumbai- 400050",Maharashtra,"MASLP, S.Sc (ASLP), Med. (Hearing Impaired), B.Sc. (Hearing Language & speech), DHLS, DSE, Bed, CCA, DIT, CSL and all other full time courses",16
205,"Swami Vivekanand National Institute of Rehabilitation Training and Research, SVNIRTAR, Cuttack","Olatpur, P.O. Bairoi, Cuttack- 754010",Odisha,BOT/BPT/BPOE/DMB/MPT/MOT and all other full time courses,16
206,"National Institute For The Visually Handicapped, Dehradun","116 Rajpur Road, Dehradun- 248001",Uttarakhand,"BA/Bed,SLT,PLT,CCPVIP and all other full time courses",16
207,"National Institute for the Orthopedically Handicapped, Kolkata","B T Road, Bonhooghly, Kolkata- 700090",West Bengal,BOT/BPT/BPOE/PGDDRM and all other full time courses,16
208,National Institute of Technology Andhra Pradesh,"Chennai - Srikakulam Highway, Near Kondruprolu, Tadepalligudam, Andhra Pradesh 534101",Andhra Pradesh,All Engineering Courses,17
209,"Indian Institute of Science Education & Research (IISER), Thiruvananthapuram, Kerala","Maruthamala PO, Vithura, Thiruvananthapuram, Kerala 695551",Kerala,All Full time courses,17
210,"Sree Chitra Tirunal Institute for Medical Sciences and Technology, Thiruvananthapuram, Kerala (Id: U- 0266)","Near Medical College, Jai Nagar W Road, Thiruvananthapuram, Kerala 695011",Kerala,All Full Time Courses except Advance Certificate Programmes in Physiotherapy,17
211,"Indian Institute of Science Education & Research (IISER), Pune Maharashtra","Dr. Homi Bhabha Road, Ward No. 8, NCL Colony, Pashan, Pune, Maharashtra 411008",Maharastra,All Full time courses,17
212,"Indian institute of Sciecne Education & Research (IISER), Mohali, Punjab (Id: U-0377)","Knowledge city, Sector 81, Manauli PO, Sahibzada Ajit Singh Nagar, Punjab 140306",Punjab,All Full time courses,17
213,"National Institute of Pharmaceutical Education and Research, Mohali, Punjab (Id: U-0380)","Sector 67, Sahibzada Ajit Singh Nagar, Punjab 160062",Punjab,All Full time courses,17
214,"Academy of Scientific & Innovative Research, Tamil Nadu (Id: U-0713)","Training and Development Complex, CSIR Campus, CSIR Road,",Tamil Nadu,All Full time courses,17
215,"Rajiv Gandhi National Institute of Youth Development, Sriperumbudur, Tamil Nadu (Id: U- 0472)","Singaperumal Koil - Sriperumbudur Rd, Sarala Nagar, Sriperumbudur, Tamil Nadu 602105",Tamil Nadu,All Full time courses,17
216,"Indian Institute of Science Education & Research (IISER), Kolkata, West Bengal (Id: U-0572)","35/1, 2nd Avenue, DC Block, Sector-1, Salt Lake City, Bidhannagar, Kolkata, West Bengal 700064",West Bengal,All Full time courses,17
217,"Indian Institute of Engineering Science and Technology, Shibpur, West Bengal","P.O. - Botanic Garden, Howrah, West Bengal 711103",West Bengal,All Full time courses,17
218,"Footwear Design & Development Institute, Noida, Uttar Pradesh","A-10/A, Sector 24, Gautam Budh Nagar, Noida, Uttar Pradesh 201301",Uttar Pradesh,All Full time courses,18
219,"Indian Institute of Science Education and Research (IISER), Tirupati","Karakambadi Road, Rami Reddy Nagar, Mangalam (P.O.), Tirupati, Andhra Pradesh 517507",Andhra Pradesh,All Full time courses,18
220,"Institute of Hotel Management, Catering & Nutrition, Pusa, New Delhi","Pusa, Library Avenue, New Delhi, Delhi 110012",Delhi,Hotel Management Courses,18
221,"Institute of Hotel Management, Catering & Nutrition, Ahmedabad","ihm ahmedabad, Gandhinagar, Gujarat 382421",Gujarat,Hotel Management Courses,18
222,"Institute of Hotel Management, Catering & Nutrition, Goa","Alto Porvorim, Bardez, Goa 403521",Goa,Hotel Management Courses,18
223,"Institute of Hotel Management, Catering & Nutrition, Bangalore","Pusa, Library Avenue, New Delhi, Delhi 110012",Karnataka,Hotel Management Courses,18
224,"Institute of Hotel Management, Catering & Nutrition, Bhopal","1100 Quarters, Near Academy of Administration, Bhopal, Madhya Pradesh 462016",Madhya Pradesh,Hotel Management Courses,18
225,"Institute of Hotel Management, Catering & Nutrition, Hyderabad","F-Row, D.D.Colony, Vidya Nagar, Hyderabad, Telangana 500007",Telangana,Hotel Management Courses,18
226,"Institute of Hotel Management, Catering & Nutrition, Jaipur","Sikar Road, Bani Park, Jaipur, Rajasthan 302016",Rajasthan,Hotel Management Courses,18
227,"Institute of Hotel Management, Catering & Nutrition, Lucknow","Sector G, Sector L, Aliganj, Lucknow, Uttar Pradesh 226024",Uttar Pradesh,Hotel Management Courses,18
228,"Institute of Hotel Management, Catering & Nutrition, Mumbai","SVS Rd, Aparna Vaibhav Society, Dadar West, Mumbai, Maharashtra 400028",Maharastra,Hotel Management Courses,18
229,"Institute of Hotel Management, Catering & Nutrition, Shillong","Mawdiangdiang, East Khasi Hills District, Shillong, Meghalaya 793018",Meghalaya,Hotel Management Courses,18
230,"Institute of Hotel Management, Catering & Nutrition, Vashali, Bihar","Ramashish Chowk, Hajipur – 844 101, Vaishali, Bihar",Bihar,Hotel Management Courses,18
231,"Institute of Hotel Management, Catering & Nutrition, Shimla Himachal Pradesh","IHM, Kufri- Shimla",Himachal Pradesh,Hotel Management Courses,19
232,"Institute of Hotel Management, Catering & Nutrition, Srinagar, Jammu & Kashmir","Rajbagh, Srinagar, Jammu and Kashmir 190008",Jammu and Kashmir,Hotel Management Courses,19
233,"Institute of Hotel Management, Catering & Nutrition, Thiruvananthapuram","G.V.Raja Road, Kovalam, Thiruvananthapuram, Kerala 695527",Kerala,Hotel Management Courses,19
234,"Institute of Hotel Management, Catering & Nutrition, Gwalior, Madhya Pradesh","Airport Road, Maharajpura, Gwalior(M.P.) -474005",Madhya Pradesh,Hotel Management Courses,19
235,"Institute of Hotel Management, Catering & Nutrition, Gurdashpur, Punjab","Mahapurush Madhabdev Path, Upper Hengrabari, Opp. Doordarshan Colony, Hengerabari, Borbari, Guwahati, Assam 781036",Punjab,Hotel Management Courses,19
236,"Institute of Hotel Management, Catering & Nutrition, Chennai, Tamil Nadu","4 th Cross Street, C.I.T Campus, TTTI – Taramani P.O.,Chennai – 600 113,",Tamil Nadu,Hotel Management Courses,19
237,"Institute of Hotel Management, Catering & Nutrition, Bhubaneswar, Odisha","Near Indian Overseas Bank, V.S.S. Nagar, Bhubaneswar, Odisha 751007",Odisha,Hotel Management Courses,19
238,"Institute of Hotel Management, Catering & Nutrition, Guwahati, Assam","Mahapurush Madhabdev Path, Upper Hengrabari, Opp. Doordarshan Colony, Hengerabari, Borbari, Guwahati, Assam 781036",Assam,Hotel Management Courses,19
239,"Indian Institute of tourism & Travel Management, Gwalior, Madhya Pradesh","University Rd, Kailash Nagar, Govindpuri, Gwalior, Madhya Pradesh 474011",Madhya Pradesh,Hotel Management Courses,19
240,"B.J. Medical College, Ahmedabad","New Civil Hospital, Civil Hospital Rd, Haripura, Asarwa, Ahmedabad, Gujarat 380016",Gujarat,MBBS/BDS/MDS/MD/MS/DM/MCH,19
241,"Government Medical College, Calicut","Medical College Road, Kozhikode, Kerala 673008",Kerala,MBBS/BDS/MDS/MD/MS/DM/MCH,19
242,"King Edward Memorial Hospital, Mumbai","Acharya Donde Marg, Parel, Mumbai, Maharashtra 400012",Maharastra,MBBS/BDS/MDS/MD/MS/DM/MCH,20
243,"National Institute for Empowerment of Persons with Multiple Disabilities, Chennai, Tamil Nadu (Under M/o Social Justice & Empowerment)","East Coast Road, Kanchipuram, Tamil Nadu 600119",Tamil Nadu,B.Ed/Diploma/M.Ed/BOT/BPT/BPO/B.A.SL P/PGDEI,20
244,"Indian Institute of Foreign Trade, Delhi (M/o Commerce)","IIFT Bhawan, B-21, NRPC Colony, Block B, Qutab Institutional Area, New Delhi, Delhi 110016",Delhi,MBA,20
245,"Indian Institute of Foreign Trade, Kolkata (M/o Commerce)","1583, Chowbagha Road, Ward No 108, Borough XII, Madurdaha, Kolkata, West Bengal 700107",West Bengal,MBA,20
246,"Indian Institute of Packaging, Mumbai (M/o Commerce)","Plot E-2, Rd Number 8, Chakala Industrial Area (MIDC), Andheri East, Mumbai, Maharashtra 400093",Maharastra,Post Graduate Diploma in Packaging,20
247,"Indian Institute of Science Education and Research, Berhampur","Engineering School Road, NH-59, Berhampur- 760010, District Ganjam",ODISHA,All Full time courses,20
248,"Indian Institute of Information Technology, Bhagalpur","Bhagalpur College of Engineering Campus Sabour, Bhagalpur - 813210",BIHAR,All Full time courses,20
249,"Indian Institute of Science Education and Research, Bhopal","Bhopal Bypass Road, Bhauri, Bhopal 462 066",MADHYA PRADESH,All Full time courses,20
250,"Indian Institute of Information Technology, Raichur","Indian Institute of Technology, Kandi, Sangareddy- 502285",KARNATAKA,All Full time courses,20
251,"All India Institute of Medical Sciences, Mangalagiri","MG Capmus, Mangalagiri, Guntur District Andhra Pradesh-522503",ANDHRA PRADESH,All Full time courses,20
252,"All India Institute of Medical Sciences, Nagpur","Plot No 2, Sector-20, MIHAN, Maharashtra - 441108",MAHARASHTRA,All Full time courses,20
253,"All India Institute of Medical Sciences, Bathinda","Mandi Dabwali Road, Bathinda Punjab-151001",Punjab,All Full time courses,20
254,"Dharmashastra National Law University, Jabalpur","BRBRAITT Campus South Civil Lines, Ridge Road Jabalpur- 482001",Madhya Pradesh,All Law Courses including integrated courses,21
255,"Indian Institute of Information Technology, Vadodara - International Campus Diu","Education Hub, Kevdi - Diu (U.T) - 362520",Daman and Diu,All Full time courses,21
256,"All India Institute of Medical Sciences, Bibinagar","Bibinagar, Telangana 508126",Telangana,All Full time courses,21
257,"All India Institute of Medical Sciences, Deoghar","Deoghar, Jharkhand -814152",Jharkhand,All Full time courses,21
258,"All India Institute of Medical Sciences, Gorakhpur","Kunraghat, Gorakhpur, Uttar Pradesh -273008",Uttar Pradesh,All Full time courses,21
259,"All India Institute of Medical Sciences, Kalyani","NH - 34 Connector Basantapur, Saguna, Kalyani, West Bengal - 741245",West Bengal,All Full time courses,21
260,"All India Institute of Medical Sciences, Raebareli","Dalmau Rd, Munshiganj, Uttar Pradesh 229405",Uttar Pradesh,All Full time courses,21
261,"All India Institute of Medical Sciences, Guwahati","Silbharal Changsari, Guwahati, Assam -781101",Assam,All Full time courses,21
262,"All India Institute of Medical Sciences, Bilaspur","Changar Palasiyan, Himachal Pradesh 174001",Himachal Pradesh,All Full time courses,21
263,"All India Institute of Medical Sciences, Rajkot","Khanderi, Para Pipaliya, Rajkot, Gujarat, 360006",Gujarat,All Full time courses,21
264,"All India Institute of Medical Sciences, Jammu","Vijaypur, Jammu and Kashmir, 180001",Jammu and Kashmir,All Full time courses,21
265,"Indian Institute of Management, Jammu","Canal Road Nawabad, Cantonment, Jammu, Jammu and Kashmir - 180016",Jammu and Kashmir,All full time Management Courses,21
